{
  "minecraft:recipes/decorations/torch": {
    "criteria": {
      "has_stone_pickaxe": "2020-09-09 14:13:02 -0400"
    },
    "done": true
  },
  "minecraft:story/upgrade_tools": {
    "criteria": {
      "stone_pickaxe": "2020-09-09 14:13:02 -0400"
    },
    "done": true
  },
  "minecraft:adventure/adventuring_time": {
    "criteria": {
      "minecraft:forest": "2020-09-09 14:13:01 -0400",
      "minecraft:plains": "2020-09-09 14:13:31 -0400"
    },
    "done": false
  },
  "DataVersion": 2578
}